zip,address,lat,lng,house area,lot area,high,low,estimate,month value change,property tax
77024,"3 BLALOCK CIR, HOUSTON, TX 77024",29.762992999999998,-95.52136,8031,30000,3415668,3090366,3253017,6058,3500000.0
77024,"119 PAUL REVERE DR, HOUSTON, TX 77024",29.761084999999998,-95.549627,6306,25348,1659072,1473008,1550535,-40115,1591086.0
77024,"602 LORNMEAD DR, HOUSTON, TX 77024",29.774002000000003,-95.556445,2394,8947,701545,628743,661835,-23622,725000.0
77024,"406 OAK LN, HOUSTON, TX 77024",29.770546000000003,-95.510683,6604,49580,2221792,1875274,2038341,-106686,2235800.0
77024,"12322 BROKEN ARROW ST, HOUSTON, TX 77024",29.773694,-95.545043,2627,9601,716824,648556,682690,-13975,732000.0
77024,"7 GAGE CT, HOUSTON, TX 77024",29.775644,-95.532957,2986,37636,1260526,1088636,1145933,-8496,1173313.0
77024,"509 LINDENWOOD DR, HOUSTON, TX 77024",29.774413,-95.48781600000001,4597,22682,1856915,1569938,1688105,-59725,1854500.0
77024,"202 SUGARBERRY CIR, HOUSTON, TX 77024",29.750962,-95.528889,1838,1982,368102,297183,337708,-3144,359833.0
77024,"4 CAPE COD LN, HOUSTON, TX 77024",29.773296999999996,-95.503612,2810,16244,1120530,1013812,1067171,-12152,1130000.0
77024,"760 PIFER RD, HOUSTON, TX 77024",29.776537,-95.5041,8571,26540,3570352,3230318,3400335,-143235,2868100.0
77024,"106 MIGNON LN, HOUSTON, TX 77024",29.764827,-95.56118199999999,2459,20177,636228,558930,594606,-3346,555946.0
77024,"12643 TAYLORCREST RD, HOUSTON, TX 77024",29.772213,-95.554851,3543,9601,915382,828202,871792,12836,975695.0
77024,"6 DUNNAM LN, HOUSTON, TX 77024",29.760742999999998,-95.523392,5871,19998,1859978,1579226,1754696,30408,2010000.0
77024,"217 LITCHFIELD LN, HOUSTON, TX 77024",29.761688,-95.551027,1828,1576,292531,256313,278601,-7514,309275.0
77024,"12755 HUNTINGWICK DR, HOUSTON, TX 77024",29.769004,-95.557476,1088,580876,192082,173788,182935,5589,90100.0
77024,"320 BUNKER HILL RD, HOUSTON, TX 77024",29.760524,-95.529551,3927,41205,1588935,1377077,1513271,26354,1603000.0
77024,"418 FAUST LN, HOUSTON, TX 77024",29.768506,-95.558789,2561,8049,510497,457521,481601,-1915,498490.0
77024,"307 ELECTRA DR, HOUSTON, TX 77024",29.76646,-95.563055,3567,21582,852471,764007,804218,6760,721862.0
77024,"4 BAKER CV, HOUSTON, TX 77024",29.769858000000003,-95.511948,6834,38018,2442505,1928293,2142548,-83416,2194700.0
77024,"12759 MEMORIAL DR, HOUSTON, TX 77024",29.771288000000002,-95.558551,2706,11587,518234,464455,488900,-12951,507500.0
77024,"434 WESTMINSTER DR, HOUSTON, TX 77024",29.773075,-95.483584,3568,15503,1140792,1032146,1086469,1012,1274900.0
77024,"431 FLINT POINT DR, HOUSTON, TX 77024",29.765579,-95.51371800000001,4001,29198,1647089,1448828,1525082,63369,1599064.0
77024,"12219 TAYLORCREST RD, HOUSTON, TX 77024",29.773477000000003,-95.542558,3700,11522,943872,750257,806728,-12982,743645.0
77024,"103 LITCHFIELD LN, HOUSTON, TX 77024",29.76223,-95.552494,1615,1468,281811,220325,256192,1172,320311.0
77024,"5 WINSTON WOODS DR, HOUSTON, TX 77024",29.772405,-95.468689,5460,26850,2786319,2189251,2487785,-902,2714000.0
77024,"214 HERITAGE OAKS LN, HOUSTON, TX 77024",29.753244,-95.519986,7576,30618,2790794,2118013,2491780,33475,2653327.0
77024,"11614 GREEN OAKS ST, HOUSTON, TX 77024",29.756737,-95.523853,5628,23937,1850298,1569449,1652052,10276,2000000.0
77024,"11817 MEMORIAL DR, HOUSTON, TX 77024",29.758913,-95.53113,3309,17999,980320,741418,823798,-11632,700000.0
77024,"12330 BEAUREGARD DR, HOUSTON, TX 77024",29.765962,-95.546463,3737,12266,998471,867829,933150,30980,800000.0
77024,"7 CHUCKANUT LN, HOUSTON, TX 77024",29.753790000000002,-95.519039,8002,21889,2758342,2426319,2554020,-29217,2911623.0
77024,"19 WILLOWRON DR, HOUSTON, TX 77024",29.758816999999997,-95.50578,4226,22398,1419629,1172171,1302412,-2587,1152000.0
77024,"11649 BLALOCK FOREST ST, HOUSTON, TX 77024",29.758453000000003,-95.525348,2182,29911,1921222,1470153,1670628,-23773,2222525.0
77024,"318 GENTILLY PL, HOUSTON, TX 77024",29.760065,-95.530242,4723,22198,1510522,1232268,1325019,24889,1135374.0
77024,"605 VOSS RD, HOUSTON, TX 77024",29.770923,-95.501428,4300,20125,1476847,1176250,1306944,41330,1378010.0
77024,"151 HICKORY RIDGE DR, HOUSTON, TX 77024",29.759041999999997,-95.538651,4604,43124,2021458,1632003,1854549,-106825,2081600.0
77024,"602 REBECCA PINES CT, HOUSTON, TX 77024",29.773234999999996,-95.528711,6292,20007,1782016,1471389,1634877,-61616,1830500.0
77024,"403 KARI CT, HOUSTON, TX 77024",29.76703,-95.503668,4330,22559,1330797,1204055,1267426,-84559,1452000.0
77024,"12650 RIP VAN WINKLE DR, HOUSTON, TX 77024",29.767017,-95.55624499999999,1886,,677615,289739,467321,9690,
77024,"11751 CAWDOR WAY, HOUSTON, TX 77024",29.775175,-95.528868,5067,14850,1663870,1505406,1584638,14738,1805130.0
77024,"12318 LONGWORTH LN, HOUSTON, TX 77024",29.763990000000003,-95.545629,2600,10205,798352,714715,760335,-5755,701007.0
77024,"6 WOODSTONE ST, HOUSTON, TX 77024",29.754553,-95.544113,3368,4284,565349,511507,538428,11,430298.0
77024,"12306 WOODTHORPE LN, HOUSTON, TX 77024",29.775268,-95.54492900000001,2292,8638,660940,597994,629467,-11789,600700.0
77024,"451 BENDWOOD DR, HOUSTON, TX 77024",29.767865999999998,-95.557053,1258,,185219,160523,176399,948,99850.0
77024,"13 POWDERHORN ST, HOUSTON, TX 77024",29.768535999999997,-95.526454,3757,21013,1852049,1518347,1668513,2656,2064474.0
77024,"49 CAROLANE TRL, HOUSTON, TX 77024",29.77184,-95.526449,2294,19685,2251551,1600276,1860786,155,2380000.0
77024,"12222 RIP VAN WINKLE DR, HOUSTON, TX 77024",29.767057,-95.542582,3352,12349,899066,813440,856253,13433,862634.0
77024,"403 TRAILS CT, HOUSTON, TX 77024",29.766994,-95.505928,5228,22799,2000650,1793036,1887406,43621,1785890.0
77024,"253 CHIMNEY ROCK RD, HOUSTON, TX 77024",29.774637,-95.480528,2591,27704,842297,762079,802188,-23229,815450.0
77024,"407 FLINTDALE RD, HOUSTON, TX 77024",29.763595000000002,-95.524373,4386,51836,2090216,1716963,1866264,-20111,1949900.0
77024,"10802 BRIDLEWOOD ST, HOUSTON, TX 77024",29.775229,-95.50191099999999,4565,21479,1577798,1060487,1293277,54152,906050.0
77024,"284 LITCHFIELD LN, HOUSTON, TX 77024",29.761449,-95.550606,1828,1599,326211,288930,310677,-6226,320400.0
77024,"210 MIGNON LN, HOUSTON, TX 77024",29.765086,-95.559375,3900,12224,1142712,875050,1029470,27717,540000.0
77024,"8931 BRIAR FOREST DR, HOUSTON, TX 77024",29.749807,-95.528879,2684,5384,455492,407774,433802,-1432,449976.0
77024,"11703 COBBLESTONE DR, HOUSTON, TX 77024",29.770342,-95.528542,3247,19201,1105827,989979,1053169,-18029,1244000.0
77024,"11709 DURRETTE DR, HOUSTON, TX 77024",29.75811,-95.526301,6489,23008,1954869,1768691,1861780,-4973,2155400.0
77024,"623 VAL LENA DR, HOUSTON, TX 77024",29.774887,-95.55502800000001,2231,8577,669864,606068,637966,8815,671115.0
77024,"2 BRANCH BEND CIR, HOUSTON, TX 77024",29.753827,-95.525986,5319,24450,2081592,1687777,1875308,100414,1500000.0
77024,"12214 RIP VAN WINKLE DR, HOUSTON, TX 77024",29.767057,-95.54240300000001,3065,12349,853382,772108,812745,-770,797000.0
77024,"20 STILLFOREST ST, HOUSTON, TX 77024",29.749988000000002,-95.514546,4294,40511,1508121,1203729,1383597,29451,1500000.0
77024,"39 STILLFOREST ST, HOUSTON, TX 77024",29.750259999999997,-95.514227,3335,42689,1919708,1435607,1669311,-16977,1681279.0
77024,"250 LITCHFIELD LN, HOUSTON, TX 77024",29.761413,-95.55135200000001,1575,1385,230508,206587,217460,-3760,241518.0
77024,"12438 HUNTINGWICK DR, HOUSTON, TX 77024",29.769567,-95.548198,2312,12040,758567,679098,722445,4298,818900.0
77024,"11905 S DURRETTE DR, HOUSTON, TX 77024",29.757594,-95.53478100000001,4883,17934,1300052,1151475,1238145,-6308,1390000.0
77024,"12106 RHETT DR, HOUSTON, TX 77024",29.765076,-95.54033199999999,3047,10376,848319,738352,785481,-6173,760000.0
77024,"11007 HUNTWYCK DR, HOUSTON, TX 77024",29.767684999999997,-95.507683,5508,22420,1903253,1703865,1812622,-10221,2148000.0
77024,"11610 WINDY LN, HOUSTON, TX 77024",29.766657000000002,-95.523475,3688,22860,1244502,1125978,1185240,-17763,1471000.0
77024,"1 LAZEE TRL, HOUSTON, TX 77024",29.768053000000002,-95.537999,3754,37348,1429714,1232964,1311664,-22778,1329630.0
77024,"2 OUR LANE PL, HOUSTON, TX 77024",29.774366999999998,-95.524939,6134,20544,1983952,1740637,1871653,-47327,2136002.0
77024,"11903 MUSKET LN, HOUSTON, TX 77024",29.763893,-95.53449,5530,27007,1581634,1431002,1506318,270,1734000.0
77024,"275 STONEY CREEK DR, HOUSTON, TX 77024",29.76255,-95.540679,2421,11199,836838,749170,796989,-2174,852061.0
77024,"8851 STABLE LN, HOUSTON, TX 77024",29.770193,-95.46393499999999,5696,17180,2315359,1993781,2143851,-35501,2411534.0
77024,"11914 DONCASTER RD, HOUSTON, TX 77024",29.759722999999997,-95.537299,3092,20003,1073991,971707,1022849,2418,1084132.0
77024,"211 TIMBERWILDE LN, HOUSTON, TX 77024",29.767707,-95.491879,5839,105202,5595850,4766836,5181343,52657,5621816.0
77024,"12330 MOSSYCUP DR, HOUSTON, TX 77024",29.768707,-95.545423,3046,10973,867684,785048,826366,670,822192.0
77024,"12648 RIP VAN WINKLE DR, HOUSTON, TX 77024",29.767018,-95.556285,1520,1520,272936,181957,221899,5380,57620.0
77024,"216 VOSS RD, HOUSTON, TX 77024",29.763222,-95.50085200000001,2552,21344,915186,795442,855314,-12569,808504.0
77024,"3 BRADFIELD CT, HOUSTON, TX 77024",29.769623,-95.52892299999999,4785,20464,1570716,1365202,1467959,-39933,1783950.0
77024,"57 CAROLANE TRL, HOUSTON, TX 77024",29.772267,-95.527502,3714,19602,1188722,1041547,1132116,-23393,1350000.0
77024,"8610 MEMORIAL DR, HOUSTON, TX 77024",29.773496999999995,-95.45713,2460,2775,494064,447010,470537,2638,451200.0
77024,"11519 SHADOW WAY ST, HOUSTON, TX 77024",29.768363,-95.521348,4929,40001,2013106,1785208,1899157,-94097,2159200.0
77024,"455 JAN KELLY LN, HOUSTON, TX 77024",29.765334000000003,-95.519908,7236,25260,3373347,2692759,2959076,1626,3183751.0
77024,"402 GODSEY CT, HOUSTON, TX 77024",29.764432,-95.53433199999999,3174,20029,1102479,997481,1049980,-6217,979449.0
77024,"12602 VINDON DR, HOUSTON, TX 77024",29.776490000000003,-95.55363299999999,2260,9823,662130,599070,630600,3664,662571.0
77024,"12418 COBBLESTONE DR, HOUSTON, TX 77024",29.772064,-95.548513,3007,11238,911300,794252,836055,-572,904500.0
77024,"169 LITCHFIELD LN, HOUSTON, TX 77024",29.763651,-95.552399,1453,958,239945,202863,218132,-10338,269096.0
77024,"12815 MEMORIAL DR, HOUSTON, TX 77024",29.772261,-95.559738,1827,11066,500038,447653,476227,679,490000.0
77024,"24 FARNHAM PARK DR, HOUSTON, TX 77024",29.750202,-95.50829399999999,15021,36600,3481295,3149743,3315519,76697,3340975.0
77024,"12531 MOSSYCUP DR, HOUSTON, TX 77024",29.768645000000003,-95.550957,6138,12880,1589347,1437981,1513664,-86745,1720200.0
77024,"11718 WOOD LN, HOUSTON, TX 77024",29.767778999999997,-95.526949,3203,53143,2338728,1909604,2145622,37654,1734315.0
77024,"16 BAYOU SHADOWS ST, HOUSTON, TX 77024",29.756625,-95.54575,2852,5170,547473,475841,511657,31578,402389.0
77024,"311 CHAPEL BELLE LN, HOUSTON, TX 77024",29.760071999999997,-95.532926,8034,20150,3143647,2814313,2993950,125610,3000000.0
77024,"402 W FRIAR TUCK LN, HOUSTON, TX 77024",29.775534999999998,-95.471419,7303,64643,4451339,3769602,4010215,10011,4351500.0
77024,"242 BLALOCK RD, HOUSTON, TX 77024",29.753921000000002,-95.522644,6123,40602,2269595,1864310,2026424,-91813,2200000.0
77024,"12126 OVERCUP DR, HOUSTON, TX 77024",29.770263,-95.540684,2413,10080,720627,651995,686311,2824,746479.0
77024,"140 LITCHFIELD LN, HOUSTON, TX 77024",29.763061999999998,-95.5527,1779,1200,312968,274585,295253,-3956,298441.0
77024,"701 PIFER RD, HOUSTON, TX 77024",29.775152000000002,-95.504262,3722,22499,1409667,1213880,1305247,66622,1346617.0
77024,"12118 TARA DR, HOUSTON, TX 77024",29.764497,-95.541239,4158,11875,1171326,1039962,1094697,-6893,1099700.0
77024,"11915 TAYLORCREST RD, HOUSTON, TX 77024",29.773033,-95.535907,3887,41543,2222196,1642492,1932344,1832,1967491.0
77024,"11530 ECHO WOOD ST, HOUSTON, TX 77024",29.775861,-95.521654,2998,42101,1435157,1243803,1366816,-2162,1700000.0
77024,"9 TOKENEKE TRL, HOUSTON, TX 77024",29.768283,-95.51743,5972,37801,1943254,1554604,1766595,21430,1917000.0
77024,"12207 RIP VAN WINKLE DR, HOUSTON, TX 77024",29.766783,-95.542224,2988,11831,871354,788368,829861,3114,825000.0
77024,"12119 PEBBLEBROOK DR, HOUSTON, TX 77024",29.774013,-95.54083,3919,10502,1090193,986365,1038279,9712,1138125.0
77024,"410 ISOLDE DR, HOUSTON, TX 77024",29.767395,-95.563084,2245,9700,499283,451733,475508,-1760,454015.0
77024,"11756 CAWDOR WAY, HOUSTON, TX 77024",29.775451,-95.528951,5996,13499,1909250,1557546,1674781,73395,1632733.0
77024,"211 SUGARBERRY CIR, HOUSTON, TX 77024",29.750754999999998,-95.529115,3200,3490,749992,642850,714278,-9546,788577.0
77024,"11303 PINEY POINT CIR, HOUSTON, TX 77024",29.752561,-95.515413,9659,50399,3564298,3224842,3394570,-11450,3656900.0
77024,"12440 TAYLORCREST RD, HOUSTON, TX 77024",29.773517,-95.549894,6040,20142,1612627,1348743,1466025,-29839,1340181.0
77024,"510 WELLESLEY DR, HOUSTON, TX 77024",29.769329,-95.498407,5972,26001,1694038,1401432,1540035,-12974,1902300.0
77024,"468 N POST OAK LN, HOUSTON, TX 77024",29.77615,-95.457601,891,190662,135054,122192,128623,-4625,125498.0
77024,"625 WELLESLEY DR, HOUSTON, TX 77024",29.771465999999997,-95.498273,3961,16562,1507455,1363887,1435671,8308,1507000.0
77024,"234 STONEY CREEK DR, HOUSTON, TX 77024",29.761046999999998,-95.54038100000001,2890,12001,810539,711133,764659,-2519,724132.0
77024,"11323 SMITHDALE RD, HOUSTON, TX 77024",29.769678999999996,-95.517092,4112,63223,2194006,1841398,1958934,-66894,1762000.0
77024,"10 SADDLEWOOD ESTATES DR, HOUSTON, TX 77024",29.768482000000002,-95.499961,5687,45769,2384450,2034439,2187569,-26988,2444338.0
77024,"19 DUNNAM LN, HOUSTON, TX 77024",29.761066999999997,-95.52526,5902,20000,1946464,1637213,1819125,54591,1945000.0
77024,"39 HIBURY CT, HOUSTON, TX 77024",29.753653000000003,-95.537022,6774,18382,2978103,2325010,2612371,-7250,2827363.0
77024,"614 HALLIE DR, HOUSTON, TX 77024",29.774177,-95.555559,2676,9845,775787,701903,738845,17618,764521.0
77024,"11946 S DURRETTE DR, HOUSTON, TX 77024",29.757083,-95.536536,6290,20212,1620835,1389287,1543652,-36575,1835000.0
77024,"4 SADDLEWOOD ESTATES DR, HOUSTON, TX 77024",29.768765000000002,-95.499865,7321,30740,2186224,1733222,1969571,-33003,2000000.0
77024,"11709 FOREST GLEN ST, HOUSTON, TX 77024",29.760485,-95.527222,3264,24568,1272375,1151197,1211786,13720,1350000.0
77024,"6 SMITHDALE ESTATES DR, HOUSTON, TX 77024",29.772866999999998,-95.513995,5190,45712,2061771,1830545,1926889,-98273,2088600.0
77024,"12618 HUNTINGWICK DR, HOUSTON, TX 77024",29.76875,-95.556275,1794,,262709,210167,250199,11850,133334.0
77024,"11703 WINSHIRE CIR, HOUSTON, TX 77024",29.766073,-95.526612,3172,23592,1225680,1108948,1167314,-16151,1288000.0
77024,"12511 OVERCUP DR, HOUSTON, TX 77024",29.770923,-95.550432,3837,16914,1075985,973511,1024748,662,1161968.0
77024,"11708 COBBLESTONE DR, HOUSTON, TX 77024",29.770614000000002,-95.528633,5766,21901,1667722,1477126,1588307,30375,1460000.0
77024,"517 WELLESLEY DR, HOUSTON, TX 77024",29.769625,-95.498473,3880,18003,1429947,1254577,1349007,-20239,1349348.0
77024,"11030 GREENBAY ST, HOUSTON, TX 77024",29.762717,-95.507932,4959,19998,1926371,1742907,1834639,-2244,1571558.0
77024,"12119 PERTHSHIRE RD, HOUSTON, TX 77024",29.774890000000003,-95.540779,2626,10502,730578,661000,695789,-8209,744713.0
77024,"8975 BRIAR FOREST DR, HOUSTON, TX 77024",29.748824,-95.529641,3848,5689,856450,752396,800421,10387,654800.0
77024,"448 OAK LN, HOUSTON, TX 77024",29.772447999999997,-95.51074,5444,43560,1854681,1577346,1733347,6310,1951000.0
77024,"11750 MEMORIAL DR, HOUSTON, TX 77024",29.754922999999998,-95.529462,2710,6775,365515,310859,341603,-13584,355162.0
77024,"27 LEGEND LN, HOUSTON, TX 77024",29.762649,-95.554046,2404,3302,431128,360580,391935,2048,263867.0
77024,"12414 KIMBERLEY LN, HOUSTON, TX 77024",29.776057,-95.547296,2285,7845,644717,583315,614016,-13373,601120.0
77024,"12302 RIP VAN WINKLE DR, HOUSTON, TX 77024",29.767057,-95.544511,2780,11400,740864,656194,705585,-4835,695367.0
77024,"10815 HUNTERS FOREST DR, HOUSTON, TX 77024",29.776184000000004,-95.502086,4048,22568,1453719,1315269,1384494,30026,1489000.0
77024,"503 N POST OAK LN, HOUSTON, TX 77024",29.776457,-95.45791,1584,,243489,203646,221354,3208,196897.0
77024,"12219 BOHEME DR, HOUSTON, TX 77024",29.767664,-95.543313,2944,10402,911265,824477,867871,20285,837000.0
77024,"700 BUNKER HILL RD, HOUSTON, TX 77024",29.773224,-95.531402,3819,15002,1125371,1008587,1061671,-4776,1161164.0
77024,"23 HIBURY DR, HOUSTON, TX 77024",29.753663,-95.536339,4527,17860,1415232,1218672,1310400,-19176,1751884.0
77024,"611 REBECCA PINES CT, HOUSTON, TX 77024",29.77315,-95.529021,6038,22107,1945035,1620862,1800958,6013,2050000.0
77024,"11333 SURREY OAKS LN, HOUSTON, TX 77024",29.765063,-95.51717,2185,11657,1010655,867638,953448,-17013,911478.0
77024,"322 HUNTERS TRAIL ST, HOUSTON, TX 77024",29.764827,-95.496124,7032,22921,2884156,2536989,2670515,243,2816100.0
77024,"259 STONEY CREEK DR, HOUSTON, TX 77024",29.761933000000003,-95.540736,5974,15030,2770118,2115363,2518289,-3356,2723991.0
77024,"292 LITCHFIELD LN, HOUSTON, TX 77024",29.761465,-95.55042399999999,1828,1398,315052,282358,297219,-4482,330942.0
77024,"268 SUGARBERRY CIR, HOUSTON, TX 77024",29.750522999999998,-95.528583,2185,3376,422717,382459,402588,-5087,397416.0
77024,"2 WOODSTONE ST, HOUSTON, TX 77024",29.754633000000002,-95.54414,4457,4199,694440,551658,649009,21584,370221.0
77024,"12647 RIP VAN WINKLE DR, HOUSTON, TX 77024",29.767296,-95.5564,1794,580876,290714,215344,269180,3495,132490.0
77024,"255 LITCHFIELD LN, HOUSTON, TX 77024",29.763678999999996,-95.550851,1697,1799,236898,201474,221400,-1681,240000.0
77024,"12127 TARA DR, HOUSTON, TX 77024",29.764217,-95.541549,2732,10267,787922,683857,743323,10744,661185.0
77024,"11821 WINK RD, HOUSTON, TX 77024",29.756904,-95.5305,5077,19497,1320910,1169949,1258010,-1135,1395065.0
77024,"21 LITCHFIELD LN, HOUSTON, TX 77024",29.763837,-95.55116899999999,1640,949,255081,222015,236186,-10984,290858.0
77024,"642 VOSS RD, HOUSTON, TX 77024",29.773934000000004,-95.501017,5583,22498,1633133,1477597,1555365,26721,1724581.0
77024,"11723 CLAYWOOD ST, HOUSTON, TX 77024",29.75746,-95.52947900000001,3263,23378,1401791,1268287,1335039,-12660,1498975.0
77024,"12118 KIMBERLEY LN, HOUSTON, TX 77024",29.775937,-95.53998,3464,11252,973263,787074,846316,-15583,769819.0
77024,"12335 OVERCUP DR, HOUSTON, TX 77024",29.770928,-95.54561,3276,11132,997413,883423,949917,5812,1169800.0
77024,"11 N CHESKA LN, HOUSTON, TX 77024",29.760353000000002,-95.518147,3648,16278,1174280,1023455,1077321,-13545,1023921.0
77024,"11011 HUNTWYCK DR, HOUSTON, TX 77024",29.767683,-95.507898,4201,22420,1147696,1017768,1082732,-12530,1400000.0
77024,"4 STONEGATE DR, HOUSTON, TX 77024",29.776214000000003,-95.52411,3862,21000,1231341,1102344,1172706,3348,1364895.0
77024,"12709 HUNTINGWICK DR, HOUSTON, TX 77024",29.769011,-95.55707199999999,1886,,623528,404319,487131,5399,
77024,"317 KNIPP RD, HOUSTON, TX 77024",29.760626000000002,-95.534058,2607,24800,1581540,1276331,1387316,-13139,1900000.0
77024,"12107 PEBBLEBROOK DR, HOUSTON, TX 77024",29.773975,-95.54063000000001,3226,15946,1011626,868471,954364,296,892736.0
77024,"12334 LONGWORTH LN, HOUSTON, TX 77024",29.764715000000002,-95.546426,2884,10205,762919,690261,726590,-5012,815000.0
77024,"11003 HUNTWYCK DR, HOUSTON, TX 77024",29.76769,-95.507253,3765,22000,1317644,1179605,1254899,8595,1399519.0
77024,"473 N POST OAK LN, HOUSTON, TX 77024",29.775809999999996,-95.457918,2254,,382600,342518,364381,4811,325000.0
77024,"12123 RHETT DR, HOUSTON, TX 77024",29.765072999999997,-95.541235,3522,11875,1077115,974533,1025824,1761,980000.0
77024,"11610 MONICA ST, HOUSTON, TX 77024",29.759921000000002,-95.523513,6660,20473,2022433,1664481,1789764,10131,2138666.0
77024,"12028 NAUGHTON ST, HOUSTON, TX 77024",29.755621,-95.54006600000001,2502,2640,425695,381519,401599,13591,348025.0
77024,"11928 TAYLORCREST RD, HOUSTON, TX 77024",29.773296999999996,-95.53647,5258,43560,2551429,2045741,2298585,1849,1828417.0
77024,"331 ISOLDE DR, HOUSTON, TX 77024",29.765912,-95.561707,2538,17202,559670,501591,527991,3214,462097.0
77024,"8510 SAN FELIPE ST, HOUSTON, TX 77024",29.751904999999997,-95.512674,5750,38799,2219620,1934532,2036349,-136018,1894100.0
77024,"12330 KIMBERLEY LN, HOUSTON, TX 77024",29.776040000000002,-95.54542,4107,8799,1119562,1012938,1066250,-4472,1023861.0
77024,"12620 RIP VAN WINKLE DR, HOUSTON, TX 77024",29.767481,-95.555972,1640,580872,656506,267130,452763,5147,
77024,"11831 RED COAT LN, HOUSTON, TX 77024",29.770063,-95.53318399999999,4653,35501,1731677,1505103,1618390,-33818,1900000.0
77024,"11637 BLALOCK FOREST ST, HOUSTON, TX 77024",29.75824,-95.525348,2676,23997,1304734,1157028,1230881,28863,1173739.0
77024,"12647 HUNTINGWICK DR, HOUSTON, TX 77024",29.76902,-95.556527,1886,,286445,213532,260405,8032,125344.0
77024,"434 N POST OAK LN, HOUSTON, TX 77024",29.775434000000004,-95.457608,2184,,281521,238790,251358,-10020,244261.0
77024,"362 LITCHFIELD LN, HOUSTON, TX 77024",29.764963,-95.55046999999999,1653,919,289961,262345,276153,-9600,309743.0
77024,"325 SUGARBERRY CIR, HOUSTON, TX 77024",29.751004,-95.529225,5412,5227,1293278,1170108,1231693,3541,1163122.0
77024,"158 PLANTATION RD, HOUSTON, TX 77024",29.75746,-95.541399,3014,12458,1113722,998147,1050681,-8889,1001500.0
77024,"520 BLALOCK RD, HOUSTON, TX 77024",29.767336,-95.52215100000001,9147,40001,3043889,2522080,2898942,47907,2847000.0
77024,"462 FAUST LN, HOUSTON, TX 77024",29.770004999999998,-95.558837,4177,10271,1102727,997705,1050216,-9314,1183996.0
77024,"8 POWDERHORN ST, HOUSTON, TX 77024",29.768535999999997,-95.526257,6235,19998,1994374,1804434,1899404,-104764,2197000.0
77024,"11918 COBBLESTONE DR, HOUSTON, TX 77024",29.771096999999997,-95.53464100000001,4016,19863,1218696,1102630,1160663,-36464,1283000.0
77024,"150 PLANTATION RD, HOUSTON, TX 77024",29.757167,-95.5414,2596,12458,860530,756948,796787,2805,740661.0
77024,"119 SANDALWOOD DR, HOUSTON, TX 77024",29.754146999999996,-95.53044799999999,3638,16426,1052561,923473,992982,-3903,863557.0
77024,"8607 CRESCENT GATE LN, HOUSTON, TX 77024",29.7724,-95.458248,7118,13229,2962702,2575058,2768880,113816,2700000.0
77024,"111 STABLEWOOD CT, HOUSTON, TX 77024",29.768031,-95.461686,5374,30749,2208600,1960906,2064112,-32571,2283000.0
77024,"12118 BOHEME DR, HOUSTON, TX 77024",29.767781,-95.54039499999999,3730,11430,1082825,979699,1031262,571,910000.0
77024,"600 TIMBERWILDE LN, HOUSTON, TX 77024",29.772747,-95.49175799999999,11872,132244,6197394,5437336,5846598,46833,6336000.0
77024,"12314 WOODTHORPE LN, HOUSTON, TX 77024",29.775269,-95.545088,3300,8800,858019,718881,772990,-4401,652000.0
77024,"290 BLALOCK RD, HOUSTON, TX 77024",29.755599,-95.52261,5798,21000,1767585,1508123,1621638,40143,1644400.0
77024,"12410 BOHEME DR, HOUSTON, TX 77024",29.767726,-95.54746,2919,10306,821892,743616,782754,-2045,801334.0
77024,"8611 CRESCENT GATE LN, HOUSTON, TX 77024",29.772263,-95.45809399999999,7354,13599,3039910,2663540,2895152,59497,3037192.0
77024,"12618 RIP VAN WINKLE DR, HOUSTON, TX 77024",29.767449,-95.555966,1794,,267905,214830,252741,8786,133334.0
77024,"9157 BRIAR FOREST DR, HOUSTON, TX 77024",29.748524,-95.529839,3148,5662,558762,505546,532154,4690,463936.0
77024,"11706 FIDELIA CT, HOUSTON, TX 77024",29.755138,-95.526495,3051,19602,1123445,1016451,1069948,-19219,1068196.0
77024,"11607 SHADY GROVE LN, HOUSTON, TX 77024",29.765371999999996,-95.522373,4053,22860,1247265,1128477,1187871,-38159,1426700.0
77024,"11706 TIMBERKNOLL ST, HOUSTON, TX 77024",29.764565,-95.524909,7036,19402,2804877,2288189,2460418,-10182,2687500.0
77024,"12118 OLD OAKS DR, HOUSTON, TX 77024",29.769147999999998,-95.54037,4054,8960,1302045,1178041,1240043,20076,1244400.0
77024,"11506 RAINTREE CIR, HOUSTON, TX 77024",29.755599,-95.51800899999999,7348,37753,3261591,2834841,3048216,33755,2999000.0
77024,"11947 WINK RD, HOUSTON, TX 77024",29.755783,-95.53705,3745,14751,1166212,1055144,1110678,7016,1210000.0
77024,"12651 TAYLORCREST RD, HOUSTON, TX 77024",29.772208000000003,-95.555026,2661,10875,758491,686253,722372,5192,740000.0
77024,"208 KENSINGTON CT, HOUSTON, TX 77024",29.751948,-95.518508,5856,40001,2028156,1777051,1931577,-133361,1839100.0
77024,"430 HUNTERWOOD DR, HOUSTON, TX 77024",29.767103000000002,-95.49561800000001,5457,29094,1764452,1443642,1604047,52563,1766353.0
77024,"11410 HOLIDAN WAY, HOUSTON, TX 77024",29.775677,-95.518873,3616,19245,1234814,1117212,1176013,-4280,1365000.0
77024,"12331 WOODTHORPE LN, HOUSTON, TX 77024",29.774996,-95.545408,2830,8799,729955,660435,695195,-493,648811.0
77024,"409 LONGWOODS LN, HOUSTON, TX 77024",29.773296000000002,-95.486498,3747,26998,1543682,1314988,1429335,-131367,1738732.0
77024,"285 SUGARBERRY CIR, HOUSTON, TX 77024",29.751264000000003,-95.529303,4637,3480,1022290,880305,946565,12845,817934.0
77024,"400 N POST OAK LN, HOUSTON, TX 77024",29.774648,-95.457622,2016,,274074,220238,244709,-190,228496.0
77024,"649 BUNKER HILL RD, HOUSTON, TX 77024",29.771628000000003,-95.530008,5253,43559,2044503,1810846,1947146,-24678,2300000.0
77024,"11621 BLALOCK FOREST ST, HOUSTON, TX 77024",29.757679,-95.52428499999999,6329,21750,1889966,1595201,1733914,23923,2133300.0
77024,"226 STONEY CREEK DR, HOUSTON, TX 77024",29.760748,-95.540371,5478,17881,1752275,1508904,1622477,-8585,1850000.0
77024,"718 TIMBER HILL DR, HOUSTON, TX 77024",29.774259999999998,-95.53043199999999,6109,14401,2576481,2124467,2260071,-16905,2523500.0
77024,"12315 MOSSYCUP DR, HOUSTON, TX 77024",29.768433,-95.544999,2697,11252,812497,735117,773807,-1761,814800.0
77024,"4 SMITHDALE ESTATES DR, HOUSTON, TX 77024",29.770629,-95.514139,6074,40021,3353089,2572629,2890594,6390,3115957.0
77024,"12647 TAYLORCREST RD, HOUSTON, TX 77024",29.772212,-95.554935,2367,10319,750987,679465,715226,1602,769290.0
77024,"11706 BRANDON WAY, HOUSTON, TX 77024",29.768759999999997,-95.525131,2202,22098,1126151,1018899,1072525,-13772,1050000.0
77024,"18 S CHESKA LN, HOUSTON, TX 77024",29.759787,-95.518927,4076,15002,1182742,1070100,1126421,-3843,1403400.0
77024,"142 WARRENTON DR, HOUSTON, TX 77024",29.757156,-95.542458,4005,12541,1136470,1028234,1082352,-10343,1100000.0
77024,"12107 BOHEME DR, HOUSTON, TX 77024",29.767511,-95.54013499999999,2963,11173,1068212,966478,1017345,-5099,1059500.0
77024,"430 N POST OAK LN, HOUSTON, TX 77024",29.775340999999997,-95.45761,891,,145286,128838,137062,-1298,143224.0
77024,"10103 LONGWOOD CT, HOUSTON, TX 77024",29.771704999999997,-95.486293,5581,38856,1792771,1259385,1481629,22979,1018564.0
77024,"431 FAUST LN, HOUSTON, TX 77024",29.768906,-95.55910899999999,2425,8400,369411,237683,286365,-14035,801000.0
77024,"3 MOTT LN, HOUSTON, TX 77024",29.749442,-95.520072,5515,43264,1998948,1753794,1885800,-81623,1758921.0
77024,"247 STONEY CREEK DR, HOUSTON, TX 77024",29.761484000000003,-95.540716,2518,13916,1051693,931499,1001612,-6285,1057432.0
77024,"318 ELECTRA DR, HOUSTON, TX 77024",29.766746,-95.563426,1911,11543,504975,456883,480929,-2152,499679.0
77024,"10631 FAIRLANE DR, HOUSTON, TX 77024",29.774952000000003,-95.49764300000001,4728,16858,1335029,1063298,1181442,7686,1020200.0
77024,"12126 BEAUREGARD DR, HOUSTON, TX 77024",29.766195,-95.540649,2926,10625,1044180,886568,985075,-1680,1081629.0
77024,"225 BYLANE DR, HOUSTON, TX 77024",29.751580999999998,-95.52441999999999,2532,21749,911434,793285,843920,4677,1101504.0
77024,"12731 MEMORIAL DR, HOUSTON, TX 77024",29.769835999999998,-95.558048,2388,12898,535809,484779,510294,3813,479350.0
77024,"607 HUNTERS WAY CT, HOUSTON, TX 77024",29.7725,-95.49293,5304,22599,1568002,1390492,1479247,22867,1600000.0
77024,"275 SUGARBERRY CIR, HOUSTON, TX 77024",29.750308,-95.52879300000001,3339,3484,628033,501324,550906,3186,727629.0
77024,"202 HEDWIG RD, HOUSTON, TX 77024",29.762707000000002,-95.508624,6680,22595,1864783,1491826,1695257,74932,2000000.0
77024,"11411 HOLIDAN WAY, HOUSTON, TX 77024",29.775403000000004,-95.518867,3716,20195,1263750,1143392,1203571,-19723,1514311.0
77024,"127 LITCHFIELD LN, HOUSTON, TX 77024",29.762687,-95.55241,1636,1599,273224,241998,260213,-1485,270000.0
77024,"11743 CAWDOR WAY, HOUSTON, TX 77024",29.775176000000002,-95.528735,4617,14850,1554238,1406216,1480227,-10081,1681300.0
77024,"523 THREE CORNERS DR, HOUSTON, TX 77024",29.773763,-95.48875799999999,7403,26136,3278562,2610707,3035706,-2512,3261972.0
77024,"12203 PEBBLEBROOK DR, HOUSTON, TX 77024",29.774223,-95.542186,3377,12066,1116767,1010409,1063588,-2072,914816.0
77024,"331 W FRIAR TUCK LN, HOUSTON, TX 77024",29.774496999999997,-95.471643,13348,206605,7750898,5544873,5962229,36212,6500000.0
77024,"211 BYLANE DR, HOUSTON, TX 77024",29.751334999999997,-95.524473,5544,25221,1703540,1393806,1548673,-14986,1675000.0
77024,"601 PINEY POINT RD, HOUSTON, TX 77024",29.769796000000003,-95.517738,5199,47045,2087914,1836591,1933254,-95370,2100000.0
77024,"11511 HABERSHAM LN, HOUSTON, TX 77024",29.758281,-95.521495,4943,40001,1943926,1650503,1833892,41640,1873000.0
77024,"11614 WINDY LN, HOUSTON, TX 77024",29.766657000000002,-95.52371,3496,19602,1232364,1091522,1173680,-29497,1235500.0
77024,"615 HALLIE DR, HOUSTON, TX 77024",29.774124,-95.555874,2748,9182,887141,691669,751814,-1345,815142.0
77024,"12902 BUTTERFLY LN, HOUSTON, TX 77024",29.771966,-95.563191,1664,10694,487656,441212,464434,-1973,370000.0
77024,"407 ISOLDE DR, HOUSTON, TX 77024",29.766993,-95.563224,2094,9500,501436,448905,477558,-1351,491520.0
77024,"713 RIEDEL DR, HOUSTON, TX 77024",29.773735,-95.535485,4065,17001,1145641,1036533,1091087,-8521,1252200.0
77024,"5 CARLTON PARK CT, HOUSTON, TX 77024",29.748642999999998,-95.52220200000001,5415,40977,1975510,1787366,1881438,-60826,2056273.0
77024,"91 LITCHFIELD LN, HOUSTON, TX 77024",29.763831,-95.55170799999999,1639,1224,248032,215879,229659,-4375,316729.0
77024,"134 KNIPP RD, HOUSTON, TX 77024",29.755028000000003,-95.53272,3762,16906,1142897,1034049,1088473,-17585,1073800.0
77024,"12315 BEAUREGARD DR, HOUSTON, TX 77024",29.765883000000002,-95.545436,2446,10376,1290340,926131,1040597,9929,1537600.0
77024,"217 MILLBROOK ST, HOUSTON, TX 77024",29.753507,-95.52135,6821,29068,2539874,2022492,2351735,-20545,2559033.0
77024,"8618 STABLE CREST BLVD, HOUSTON, TX 77024",29.771728000000003,-95.45836800000001,7222,21501,2899683,2598773,2735550,3993,2600000.0
77024,"209 SUGARBERRY CIR, HOUSTON, TX 77024",29.750768,-95.529124,4324,3484,1219411,1038757,1129084,2241,851184.0
77024,"11131 GREENBAY ST, HOUSTON, TX 77024",29.762406,-95.511619,7388,31050,2601819,1694208,2016914,61375,2075000.0
77024,"12641 HUNTINGWICK DR, HOUSTON, TX 77024",29.769021000000002,-95.556474,1520,,185814,144337,165905,-6503,109045.0
77024,"494 N POST OAK LN, HOUSTON, TX 77024",29.77668,-95.45759699999999,891,190662,136134,123168,129651,-4684,125500.0
77024,"3 GREYTON LN, HOUSTON, TX 77024",29.764127000000002,-95.529667,6438,20138,2647860,2113429,2429229,-1648,2639500.0
77024,"11934 HOMEWOOD LN, HOUSTON, TX 77024",29.770207,-95.536411,3763,20020,1251121,1131967,1191544,-185087,1300000.0
77024,"9115 BRIAR FOREST DR, HOUSTON, TX 77024",29.74922,-95.529392,3703,4487,783987,709321,746654,1918,745000.0
77024,"4 AMBERTON LN, HOUSTON, TX 77024",29.757103000000004,-95.529669,5200,27185,1714858,1551538,1633198,43221,1800000.0
77024,"634 SADDLEWOOD LN, HOUSTON, TX 77024",29.771615,-95.49953199999999,6917,43042,3163079,2674239,2875526,122765,2800000.0
77024,"11926 N DURRETTE DR, HOUSTON, TX 77024",29.758117,-95.536025,6525,20329,2411479,2024732,2274980,49926,2275100.0
77024,"10919 KEMWOOD DR, HOUSTON, TX 77024",29.765821000000003,-95.507191,5699,23100,1818225,1498352,1683542,72895,1561504.0
77024,"201 LITCHFIELD LN, HOUSTON, TX 77024",29.761703000000004,-95.551743,1828,1677,336632,254748,303272,-1891,368203.0
77024,"813 SADDLEWOOD LN, HOUSTON, TX 77024",29.776486,-95.49974300000001,6995,20098,1700711,1538739,1619725,-677114,1930000.0
77024,"659 SHARTLE CIR, HOUSTON, TX 77024",29.772074,-95.494047,4767,26402,1549302,1295780,1408456,9821,1410000.0
77024,"12011 PEBBLE HILL DR, HOUSTON, TX 77024",29.760463,-95.539089,3999,21239,1183531,1070813,1127172,-3056,1275000.0
77024,"12219 OVERCUP DR, HOUSTON, TX 77024",29.770195,-95.542546,2474,9557,683783,612149,651222,-13108,680293.0
77024,"11226 WILDING LN, HOUSTON, TX 77024",29.774866999999997,-95.513641,,40398,1305631,1063848,1208918,632,1347992.0
77024,"10813 LONG SHADOW LN, HOUSTON, TX 77024",29.770493,-95.50172099999999,2714,16200,1121911,1015063,1068487,-12064,1144938.0
77024,"12033 NAUGHTON ST, HOUSTON, TX 77024",29.754794,-95.540198,2528,2921,424516,367914,404301,4815,382797.0
77024,"17 WOODSTONE ST, HOUSTON, TX 77024",29.754695,-95.544453,2608,5336,510312,434004,476927,21440,403860.0
77024,"203 KILTS DR, HOUSTON, TX 77024",29.75985,-95.54288299999999,5803,14201,1720515,1513416,1593069,19234,1481000.0
77024,"618 PINEY POINT RD, HOUSTON, TX 77024",29.770556,-95.517441,6377,51401,2509992,2072471,2302745,-52432,2562000.0
77024,"12323 OVERCUP DR, HOUSTON, TX 77024",29.77093,-95.54531300000001,3192,10680,871771,788745,830258,1968,866559.0
77024,"205 MAYERLING DR, HOUSTON, TX 77024",29.754534999999997,-95.527978,3640,16548,1174710,1062832,1118771,-1468,1323822.0
77024,"11403 WENDOVER LN, HOUSTON, TX 77024",29.771352,-95.51767099999999,7446,40197,5305575,4533855,4823250,29991,5179129.0
77024,"11626 BLALOCK FOREST ST, HOUSTON, TX 77024",29.758053999999998,-95.525032,5908,20956,2754656,2095422,2354407,37048,2292400.0
77024,"456 N POST OAK LN, HOUSTON, TX 77024",29.775909999999996,-95.45760200000001,1584,,236841,208066,221347,-2922,190032.0
77024,"11930 S DURRETTE DR, HOUSTON, TX 77024",29.757303000000004,-95.53592900000001,2822,14732,895875,810553,853214,-9550,830840.0
77024,"11440 MEMORIAL DR, HOUSTON, TX 77024",29.751316999999997,-95.51539100000001,12505,64910,5869838,5310806,5590322,1834,6000000.0
77024,"303 CHAPEL BELLE LN, HOUSTON, TX 77024",29.759238,-95.53291999999999,6267,20150,2808167,2100020,2441884,28524,2591000.0
77024,"386 N POST OAK LN, HOUSTON, TX 77024",29.774421999999998,-95.457615,1680,,239435,203963,221699,-3490,199230.0
77024,"12747 HUNTINGWICK DR, HOUSTON, TX 77024",29.769005,-95.557406,1020,580876,255235,127618,182311,2821,79036.0
77024,"11709 MONICA ST, HOUSTON, TX 77024",29.759246,-95.526461,4339,23400,1361469,1220185,1284405,-55846,1477500.0
77024,"11714 BRANDON WAY, HOUSTON, TX 77024",29.768757,-95.525411,3748,25478,1630043,1401533,1523405,-3791,1887461.0
77024,"6 WINNER CIR, HOUSTON, TX 77024",29.774646999999998,-95.518569,6719,25134,2268787,1918157,2062534,-85379,2232450.0
77024,"12215 OVERCUP DR, HOUSTON, TX 77024",29.770178,-95.542456,3591,9479,918702,730250,785215,-7125,701406.0
77024,"11802 VILLAGE PARK CIR, HOUSTON, TX 77024",29.773283000000003,-95.531894,4323,6520,949202,771227,847502,-2663,898800.0
77024,"207 BREEDS HILL CT, HOUSTON, TX 77024",29.759363,-95.54531899999999,3625,12000,809332,732252,770792,-9080,637506.0
77024,"534 WESTMINSTER DR, HOUSTON, TX 77024",29.775365,-95.483612,2539,16601,1048509,910026,989159,-20971,981900.0
77024,"11418 CALICO LN, HOUSTON, TX 77024",29.767607,-95.518649,5229,21000,1809703,1544059,1660278,29861,1740000.0
77024,"175 LITCHFIELD LN, HOUSTON, TX 77024",29.763748,-95.552361,1871,1119,302018,267501,287636,8123,334156.0
77024,"352 KNIPP RD, HOUSTON, TX 77024",29.763907,-95.533733,3248,42558,1460833,1321707,1391270,-7737,1374691.0
77024,"203 PAUL REVERE DR, HOUSTON, TX 77024",29.762724,-95.54966800000001,2892,25350,947956,800109,869684,26170,944400.0
77024,"11926 TAYLORCREST RD, HOUSTON, TX 77024",29.773296999999996,-95.536473,5900,43560,2206449,1707599,1918651,53614,1812560.0
77024,"12010 TALL OAKS ST, HOUSTON, TX 77024",29.766865000000003,-95.53868,5266,36721,1666938,1508182,1587560,-1377,1834400.0
77024,"510 HUNTERWOOD DR, HOUSTON, TX 77024",29.769534000000004,-95.49551,4712,23178,1604276,1451488,1527882,-14117,1848492.0
77024,"11710 WINK RD, HOUSTON, TX 77024",29.75723,-95.526149,3643,23278,1234880,1105511,1176076,27867,1230228.0
77024,"237 LITCHFIELD LN, HOUSTON, TX 77024",29.763926,-95.550802,1697,1575,297779,220097,258938,-1271,
77024,"11720 COBBLESTONE DR, HOUSTON, TX 77024",29.770609000000004,-95.52879399999999,3970,21340,1482780,1341562,1412171,-54493,1550000.0
77024,"11911 MUSKET LN, HOUSTON, TX 77024",29.763884,-95.5358,5538,27517,1660692,1458926,1552049,30858,1600000.0
77024,"411 W SAM HOUSTON PKWY N, HOUSTON, TX 77024",29.767626,-95.562562,2364,12563,527684,459280,488596,-10227,379122.0
77024,"12702 BROKEN BOUGH DR, HOUSTON, TX 77024",29.771577,-95.556315,2554,10690,773047,699423,736235,18716,751000.0
77024,"12906 TRAVIATA DR, HOUSTON, TX 77024",29.7695,-95.56336800000001,2178,8476,508408,459988,484198,979,491300.0
77024,"5 DUCHESS CT, HOUSTON, TX 77024",29.768393,-95.537314,5756,21963,1916543,1652798,1758296,40729,2073500.0
77024,"12441 PEBBLEBROOK DR, HOUSTON, TX 77024",29.774069,-95.549835,2342,20142,1007965,797209,916332,9316,1166100.0
77024,"271 STONEY CREEK DR, HOUSTON, TX 77024",29.762401,-95.540696,4380,11199,1540937,1394181,1467559,395669,1487000.0
77024,"12711 BROKEN BOUGH DR, HOUSTON, TX 77024",29.771403000000003,-95.55679,2448,9387,662029,598979,630504,-616,675000.0
77024,"13 GREYTON LN, HOUSTON, TX 77024",29.764127000000002,-95.52920400000001,7200,20133,2753098,2119642,2436370,31647,2534250.0
77024,"9173 BRIAR FOREST DR, HOUSTON, TX 77024",29.748764,-95.529679,4482,3807,941593,781858,840708,8675,758883.0
77024,"11727 COBBLESTONE DR, HOUSTON, TX 77024",29.770332,-95.528865,5820,24215,1756654,1501141,1596958,33096,1726000.0
77024,"311 LODGE HOLLOW CT, HOUSTON, TX 77024",29.77307,-95.461175,6297,15834,2622088,2173262,2362241,50366,2412600.0
77024,"12119 TARA DR, HOUSTON, TX 77024",29.764224,-95.541179,3035,10001,873124,789970,831547,-547,879376.0
77024,"726 MAGDALENE DR, HOUSTON, TX 77024",29.775182,-95.52794399999999,6162,15092,2313450,1913854,2103136,5847,2348896.0
77024,"9159 BRIAR FOREST DR, HOUSTON, TX 77024",29.748554,-95.52981899999999,5737,5097,973675,660708,869353,60913,437668.0
77024,"12723 BROKEN BOUGH DR, HOUSTON, TX 77024",29.77148,-95.55738199999999,2825,11035,742383,665343,700361,9586,678243.0
77024,"11503 ECHO HOLLOW ST, HOUSTON, TX 77024",29.776433,-95.521513,5010,21832,1539285,1167734,1326970,-17618,1357976.0
77024,"12306 OLD OAKS DR, HOUSTON, TX 77024",29.770384000000004,-95.54464,3122,11252,754477,661066,718550,5621,759384.0
77024,"11101 S COUNTRY SQUIRE ST, HOUSTON, TX 77024",29.760683,-95.50892900000001,7120,46021,2970613,2687697,2829155,125530,2459000.0
77024,"330 TYNEBRIDGE LN, HOUSTON, TX 77024",29.758414000000002,-95.513878,2951,24568,1370980,1228708,1293377,6339,1478280.0
77024,"12230 VALLEY STAR DR, HOUSTON, TX 77024",29.759237,-95.543779,2336,14000,774034,700316,737175,-11571,780045.0
77024,"12406 RIP VAN WINKLE DR, HOUSTON, TX 77024",29.766871000000002,-95.547358,2823,9243,829559,750553,790056,-1477,780000.0
77024,"725 RIEDEL DR, HOUSTON, TX 77024",29.775910999999997,-95.535077,4300,21969,1297749,1091028,1148450,-5892,1012719.0
77024,"117 LITCHFIELD LN, HOUSTON, TX 77024",29.762515000000004,-95.55249,1886,1398,319281,288873,304077,2077,301323.0
77024,"71 PATTI LYNN LN, HOUSTON, TX 77024",29.752173,-95.535534,6648,15668,2422610,2099596,2307248,183619,2302760.0
77024,"4 SADDLE CRK, HOUSTON, TX 77024",29.766245,-95.499421,6739,26654,1988727,1733294,1824520,-30405,2325000.0
77024,"11926 ARBORDALE LN, HOUSTON, TX 77024",29.763946999999998,-95.53738100000001,3833,19950,1304178,1082934,1164445,-7065,1000000.0
77024,"9035 BRIAR FOREST DR, HOUSTON, TX 77024",29.748994,-95.529534,2386,5667,415597,376017,395807,-5615,408970.0
77024,"11931 HOMEWOOD LN, HOUSTON, TX 77024",29.769932,-95.536413,3332,20020,1196062,1082152,1139107,-28843,1257100.0
77024,"1 BLALOCK CIR, HOUSTON, TX 77024",29.763267,-95.52136,7576,29333,2910763,2086047,2425636,32758,2497800.0
77024,"265 SUGARBERRY CIR, HOUSTON, TX 77024",29.750373,-95.528847,4300,3480,1137331,1009780,1062926,-10974,1065800.0
77024,"12223 BEAUREGARD DR, HOUSTON, TX 77024",29.765911,-95.542586,2979,10001,828803,749869,789336,2429,769080.0
77024,"8 STONEGATE DR, HOUSTON, TX 77024",29.776339,-95.52407,3800,19201,1182375,1035985,1126071,12095,1250000.0
77024,"12130 RHETT DR, HOUSTON, TX 77024",29.765347,-95.541666,3546,10001,1050477,950431,1000454,4046,917000.0
77024,"10611 S EVERS PARK DR, HOUSTON, TX 77024",29.775946,-95.49668299999999,5714,17654,1916901,1632915,1774908,-29113,2100000.0
77024,"227 LITCHFIELD LN, HOUSTON, TX 77024",29.761731,-95.550531,1828,1224,286022,253334,272402,-7372,329000.0
77024,"10 WOODS EDGE LN, HOUSTON, TX 77024",29.752559,-95.505781,7079,40563,1388574,1188420,1250968,-7009,1363200.0
77024,"5 TOKENEKE TRL, HOUSTON, TX 77024",29.768363,-95.516284,5466,39600,4439514,3408913,3963852,28547,4261638.0
77024,"12419 OVERCUP DR, HOUSTON, TX 77024",29.770969,-95.5484,2479,11243,691317,583497,634236,-12507,680000.0
77024,"417 N POST OAK LN, HOUSTON, TX 77024",29.774694,-95.457937,891,,138760,125544,132152,-719,129000.0
77024,"11610 HABERSHAM LN, HOUSTON, TX 77024",29.758877000000002,-95.523676,4492,21109,1362358,1173142,1261443,30199,1147900.0
77024,"280 BLALOCK RD, HOUSTON, TX 77024",29.755315999999997,-95.522626,5320,39152,1977605,1789261,1883433,96770,1718300.0
77024,"11410 S CHESTWOOD DR, HOUSTON, TX 77024",29.776507000000002,-95.5189,2858,18543,1152261,1042521,1097391,-15359,1257628.0
77024,"219 GESSNER RD, HOUSTON, TX 77024",29.76057,-95.545098,3453,11051,781490,707062,744276,-1268,638400.0
77024,"126 LITCHFIELD LN, HOUSTON, TX 77024",29.762809999999998,-95.55269200000001,1639,1294,255641,223991,243468,-653,260539.0
77024,"311 TEAKWOOD LN, HOUSTON, TX 77024",29.766114,-95.501894,10534,49822,3287623,2884424,3101531,36535,3165000.0
77024,"11119 WICKWOOD DR, HOUSTON, TX 77024",29.754237,-95.51066,6832,41462,2321994,1923938,2211423,12968,2064033.0
77024,"11723 PROVIDENCE PARK, HOUSTON, TX 77024",29.755859,-95.529461,5065,21948,1673266,1513908,1593587,18525,1843142.0
77024,"12601 HUNTINGWICK DR, HOUSTON, TX 77024",29.769027,-95.556123,1640,,267056,216188,254339,6873,125791.0
77024,"8833 STABLE CREST BLVD, HOUSTON, TX 77024",29.769226,-95.462677,7192,15978,2885301,2221427,2553364,128331,2475000.0
77024,"11757 TAYLORCREST RD, HOUSTON, TX 77024",29.773101,-95.52903,3488,19998,1129331,1021775,1075553,-6352,1207915.0
77024,"12015 SURREY LN, HOUSTON, TX 77024",29.765363,-95.539058,3738,19035,1579486,1368888,1504272,-3134,1312500.0
77024,"12302 MOSSYCUP DR, HOUSTON, TX 77024",29.768758000000002,-95.544851,2631,11520,730006,660482,695244,4168,710969.0
77024,"343 TYNEBRIDGE LN, HOUSTON, TX 77024",29.759442,-95.514321,8760,22886,3402240,2952887,3209660,195794,2890200.0
77024,"11641 BLALOCK LN, HOUSTON, TX 77024",29.755276000000002,-95.52485899999999,6274,20037,2548643,2238994,2381909,-8545,2255722.0
77024,"623 HALLIE DR, HOUSTON, TX 77024",29.774639,-95.555869,2735,9588,789199,700691,737569,-2059,852803.0
77024,"1 RIP VAN WINKLE LN, HOUSTON, TX 77024",29.767546999999997,-95.53676,3784,26519,1215345,1088023,1157471,-2742,1187112.0
77024,"601 GRECIAN WAY, HOUSTON, TX 77024",29.776490000000003,-95.511808,3911,41595,1549401,1375636,1448038,-30148,1706469.0
77024,"10658 MEMORIAL DR, HOUSTON, TX 77024",29.768674,-95.497644,8250,25168,3983311,3255924,3463749,-138492,3900000.0
77024,"11002 WICKWOOD DR, HOUSTON, TX 77024",29.753911,-95.50585600000001,11357,155940,4941225,4470633,4705929,-2343,5103575.0
77024,"410 TRAILS CT, HOUSTON, TX 77024",29.767033,-95.505611,3154,23800,1461822,1254960,1379077,-5026,1736665.0
77024,"12 FARNHAM PARK DR, HOUSTON, TX 77024",29.747455,-95.508371,5095,47001,1705047,1213762,1444955,-42779,1326746.0
77024,"11528 ECHO WOOD ST, HOUSTON, TX 77024",29.775861,-95.521625,5848,21087,1725790,1355978,1540884,33874,1360000.0
77024,"154 WARRENTON DR, HOUSTON, TX 77024",29.757859000000003,-95.542514,4222,12240,1474806,1297283,1365561,22719,1477161.0
77024,"230 STONEY CREEK DR, HOUSTON, TX 77024",29.760897999999997,-95.540376,3408,11761,1181301,1068797,1125049,-1388,1020316.0
77024,"1 LONG TIMBERS LN, HOUSTON, TX 77024",29.775527,-95.50741,4480,22521,1486504,1330775,1415718,-6217,1500000.0
77024,"239 SUGARBERRY CIR, HOUSTON, TX 77024",29.750559999999997,-95.528986,4314,3480,1144087,994393,1069240,22901,898818.0
77024,"13 MEMORIAL POINT LN, HOUSTON, TX 77024",29.749926000000002,-95.524968,6015,42501,1957666,1680638,1846855,29246,1556536.0
77024,"12326 OVERCUP DR, HOUSTON, TX 77024",29.771203000000003,-95.54541400000001,3072,11199,941607,793391,871858,7425,1070213.0
77024,"415 PINENEEDLE DR, HOUSTON, TX 77024",29.771259999999998,-95.51575799999999,4579,41129,2163147,1882739,2002914,-60105,2308972.0
77024,"14 STILLFOREST ST, HOUSTON, TX 77024",29.749903000000003,-95.514546,9461,42863,3677254,3327040,3502147,2732,3771948.0
77024,"12927 TOSCA LN, HOUSTON, TX 77024",29.770844,-95.563846,4600,8640,1159388,1048970,1104179,8200,1220800.0
77024,"235 HEDWIG RD, HOUSTON, TX 77024",29.764676,-95.50896,6776,40001,2413971,1909232,2194519,11953,2414841.0
77024,"65 LEGEND LN, HOUSTON, TX 77024",29.761125,-95.553764,2400,2927,427725,361015,392408,11998,284045.0
77024,"12311 BROKEN BOUGH DR, HOUSTON, TX 77024",29.772591,-95.545041,3013,10441,820202,742088,781145,-878,801529.0
77024,"415 COACHMAN LN, HOUSTON, TX 77024",29.762659000000003,-95.526768,2974,18957,1115649,1009397,1062523,-6830,1140000.0
77024,"11913 LAURIE LN, HOUSTON, TX 77024",29.764963,-95.53535,6888,21700,2576602,2056761,2260177,132,2488400.0
77024,"11615 WINDY LN, HOUSTON, TX 77024",29.766383,-95.52371,5300,23905,1727178,1372489,1542123,16475,1171333.0
77024,"475 PINEY POINT RD, HOUSTON, TX 77024",29.76567,-95.51759200000001,3068,22399,1136708,1028450,1082579,-13456,1223000.0
77024,"10822 TIMBERGLEN DR, HOUSTON, TX 77024",29.767746999999996,-95.50352600000001,7553,24001,2832028,2265622,2574571,-29691,2767591.0
77024,"11110 CLAYMORE RD, HOUSTON, TX 77024",29.766527000000004,-95.510091,3912,45128,1518821,1334291,1419459,9345,1500000.0
77024,"2 CAROLANE TRL, HOUSTON, TX 77024",29.773253999999998,-95.527212,8891,33846,3488382,3060561,3290926,34340,3500000.0
77024,"421 PINEHAVEN DR, HOUSTON, TX 77024",29.775078999999998,-95.459716,2859,25478,1296558,1066328,1211736,6031,1294300.0
77024,"12355 LONGWORTH LN, HOUSTON, TX 77024",29.765121999999998,-95.547191,3320,12196,777626,703566,740596,-540,813800.0
77024,"12510 BOHEME DR, HOUSTON, TX 77024",29.767974,-95.552599,5435,13155,1478721,1337891,1408306,-191648,1673400.0
77024,"12907 HANSEL LN, HOUSTON, TX 77024",29.770032,-95.56343199999999,2513,8638,538931,482472,513268,3139,482760.0
77024,"202 MIGNON LN, HOUSTON, TX 77024",29.765044,-95.55941800000001,3305,27442,791253,708360,753574,4398,648480.0
77024,"11302 HOLIDAN WAY, HOUSTON, TX 77024",29.775807,-95.514651,4109,38646,1500333,1247940,1402180,6888,1736870.0
77024,"222 LITCHFIELD LN, HOUSTON, TX 77024",29.761536,-95.552017,1755,1459,271247,223528,251155,-2340,264000.0
77024,"516 THREE CORNERS DR, HOUSTON, TX 77024",29.773957,-95.488982,6575,15002,1850242,1467433,1595036,-92285,1800000.0
77024,"447 BENDWOOD DR, HOUSTON, TX 77024",29.767836,-95.55704899999999,1258,,574727,197452,352593,2726,
77024,"10915 WICKLINE DR, HOUSTON, TX 77024",29.761065000000002,-95.504674,3764,24023,1262063,1036695,1126842,-6248,1145100.0
77024,"301 W FRIAR TUCK LN, HOUSTON, TX 77024",29.773884000000002,-95.469525,7600,106504,5281571,4479904,4715688,21091,5119675.0
77024,"634 VOSS RD, HOUSTON, TX 77024",29.773102,-95.501002,4341,22500,1409560,1048134,1204752,19260,1000000.0
77024,"412 CHAPELWOOD CT, HOUSTON, TX 77024",29.766223999999998,-95.512268,4182,28471,1512602,1328828,1413647,826,1550400.0
77024,"249 SUGARBERRY CIR, HOUSTON, TX 77024",29.750489,-95.52893399999999,4263,3480,1037361,938565,987963,13984,863000.0
77024,"477 BENDWOOD DR, HOUSTON, TX 77024",29.768065000000004,-95.557077,1020,,187869,166398,178923,560,86525.0
77024,"102 WARRENTON DR, HOUSTON, TX 77024",29.754848,-95.543047,2765,15529,694504,536928,583617,-243,512300.0
77024,"231 TAMERLAINE DR, HOUSTON, TX 77024",29.760828000000004,-95.546058,2760,9583,725607,642680,691054,1264,658637.0
77024,"306 GENTILLY PL, HOUSTON, TX 77024",29.759656,-95.530237,4089,20207,1255560,1100109,1195771,14808,1400000.0
77024,"417 BENDWOOD DR, HOUSTON, TX 77024",29.767606,-95.557022,1794,,272334,223055,259366,6383,115171.0
77024,"12620 BROKEN BOUGH DR, HOUSTON, TX 77024",29.771488,-95.554559,4362,35594,1364700,1234728,1299714,-162,1609545.0
77024,"232 SUGARBERRY CIR, HOUSTON, TX 77024",29.750753999999997,-95.528751,2421,3263,439787,397903,418845,207,415000.0
77024,"12811 TRAVIATA DR, HOUSTON, TX 77024",29.769270000000002,-95.560969,4966,9347,1319024,1158769,1232733,-11652,1181400.0
77024,"12303 BEAUREGARD DR, HOUSTON, TX 77024",29.765890999999996,-95.544589,2606,11251,799596,723444,761520,-14964,758051.0
77024,"11918 HERITAGE LN, HOUSTON, TX 77024",29.769839,-95.53414599999999,5779,44431,2561056,2063073,2371348,-6495,2358771.0
77024,"709 RIEDEL DR, HOUSTON, TX 77024",29.774106,-95.535489,2722,17001,785818,653624,734409,-17127,790000.0
77024,"12315 LONGWORTH LN, HOUSTON, TX 77024",29.763665999999997,-95.54566700000001,3015,9578,797201,684389,752076,11033,894500.0
77024,"226 BYLANE DR, HOUSTON, TX 77024",29.751554,-95.524105,5218,25531,1620036,1465746,1542891,-10911,1726782.0
77024,"90 SUGARBERRY CIR, HOUSTON, TX 77024",29.749881,-95.527901,3339,4356,702628,635712,669170,7342,524000.0
77024,"559 WESTMINSTER DR, HOUSTON, TX 77024",29.775885,-95.483928,6661,22386,3106941,2542043,2824492,-9053,3033400.0
77024,"12706 HUNTINGWICK DR, HOUSTON, TX 77024",29.768736999999998,-95.55704899999999,1794,,275585,216347,257556,6981,132490.0
77024,"10901 ROARING BROOK LN, HOUSTON, TX 77024",29.768783000000003,-95.50353299999999,3940,24180,1337443,1184592,1273755,-21737,1400000.0
77024,"261 BRYN MAWR CIR, HOUSTON, TX 77024",29.766346999999996,-95.50478000000001,3024,23622,1391059,1080555,1242017,-58825,1100000.0
77024,"431 N POST OAK LN, HOUSTON, TX 77024",29.774981,-95.457932,1584,,236332,205977,216818,461,200751.0
77024,"12323 KIMBERLEY LN, HOUSTON, TX 77024",29.775765000000003,-95.545264,2602,8799,657712,595072,626392,-9701,629633.0
77024,"279 SUGARBERRY CIR, HOUSTON, TX 77024",29.750282000000002,-95.52877099999999,3587,3480,766529,693527,730028,-14953,739727.0
77024,"630 HUNTERS GROVE LN, HOUSTON, TX 77024",29.770809000000003,-95.49683900000001,5216,25700,3087278,2398153,2756498,5790,2984475.0
77024,"1 STONEGATE DR, HOUSTON, TX 77024",29.776068,-95.52383,3732,19402,1185416,1038651,1128968,-3811,1332747.0
77024,"354 N POST OAK LN, HOUSTON, TX 77024",29.773771999999997,-95.457511,2224,,322290,282388,306943,-4659,266000.0
77024,"183 LITCHFIELD LN, HOUSTON, TX 77024",29.762176,-95.552409,1871,1224,299455,265231,285195,6978,336676.0
77024,"23 WILLOWRON DR, HOUSTON, TX 77024",29.759015,-95.505943,4386,22610,3231755,2402366,2859960,11594,3078100.0
77024,"614 WELLESLEY DR, HOUSTON, TX 77024",29.771281,-95.497955,7167,18199,1607306,1412026,1502155,-43547,1999999.0
77024,"679 SHARTLE CIR, HOUSTON, TX 77024",29.771380999999998,-95.49473,3628,21758,1318258,1192710,1255484,4158,1353218.0
77024,"11422 WHIPPOORWILL RD, HOUSTON, TX 77024",29.776651,-95.52031099999999,2511,17851,1124475,1017383,1070929,-13716,1190000.0
77024,"12610 KIMBERLEY LN, HOUSTON, TX 77024",29.775759000000004,-95.554732,3080,9200,941930,836293,880308,-1264,981063.0
77024,"216 SUGARBERRY CIR, HOUSTON, TX 77024",29.750865,-95.528825,2887,3375,474349,429173,451761,8472,400000.0
77024,"214 FAUST LN, HOUSTON, TX 77024",29.765090999999998,-95.558148,2228,12555,548386,496158,522272,3622,466390.0
77024,"12211 KIMBERLEY LN, HOUSTON, TX 77024",29.775977,-95.542381,5022,10001,1440760,1252250,1346505,-3811,1485000.0
77024,"366 TEALWOOD DR, HOUSTON, TX 77024",29.765254,-95.548141,3210,10158,801276,724964,763120,-153,660000.0
77024,"4 CONCORD CIR, HOUSTON, TX 77024",29.766127,-95.529813,2664,20399,1113205,1007185,1060195,-18897,1052000.0
77024,"411 ELECTRA DR, HOUSTON, TX 77024",29.768599,-95.565603,2801,20190,695269,629053,662161,-7924,650156.0
77024,"8603 PASTURE VIEW LN, HOUSTON, TX 77024",29.770403,-95.457801,5315,12706,1876658,1697928,1787293,29746,2136055.0
77024,"94 SUGARBERRY CIR, HOUSTON, TX 77024",29.749901,-95.527913,2932,3703,509418,460902,485160,-3325,473537.0
77024,"7 BRADFIELD CT, HOUSTON, TX 77024",29.769312,-95.529803,5564,20037,1952492,1575695,1712712,24400,2124728.0
77024,"47 LITCHFIELD LN, HOUSTON, TX 77024",29.763841999999997,-95.550676,1781,1198,275628,249378,262503,-7976,267163.0
77024,"12334 BROKEN BOUGH DR, HOUSTON, TX 77024",29.772859999999998,-95.545624,4253,10986,1120268,1013576,1066922,-3719,1215200.0
77024,"119 STONEY CREEK DR, HOUSTON, TX 77024",29.755307000000002,-95.540986,4007,12090,1294206,1098854,1220949,19047,1415000.0
77024,"11506 HABERSHAM LN, HOUSTON, TX 77024",29.758562,-95.521116,4679,41003,1962457,1775557,1869007,90365,1750000.0
77024,"635 LORNMEAD DR, HOUSTON, TX 77024",29.775470000000002,-95.556768,4782,8986,1297417,1129233,1201312,-47045,1412000.0
77024,"10914 TIMBERGLEN DR, HOUSTON, TX 77024",29.76769,-95.505418,5123,19201,1762455,1564796,1647154,-10189,1675000.0
77024,"11215 HERMOSA CT, HOUSTON, TX 77024",29.761739000000002,-95.513986,6929,23697,2133657,1912240,2012884,-19502,2378327.0
77024,"12855 MEMORIAL DR, HOUSTON, TX 77024",29.772672999999998,-95.561667,2264,10080,502466,454612,478539,-1143,462000.0
77024,"277 SUGARBERRY CIR, HOUSTON, TX 77024",29.750295,-95.52878199999999,3646,3484,1012329,723092,803436,-14983,795698.0
77024,"703 SADDLEWOOD LN, HOUSTON, TX 77024",29.773284999999998,-95.499833,5284,30531,1654561,1383814,1504146,83081,1550000.0
77024,"734 CAMELOT LN, HOUSTON, TX 77024",29.776336999999998,-95.494985,3297,10803,1112401,1006459,1059430,2941,1100000.0
77024,"12118 BEAUREGARD DR, HOUSTON, TX 77024",29.766262,-95.540637,2335,11761,656662,518417,576019,2195,801788.0
77024,"199 LITCHFIELD LN, HOUSTON, TX 77024",29.761732000000002,-95.551796,,935582,374477,254527,292560,-18552,46779.0
77024,"265 LITCHFIELD LN, HOUSTON, TX 77024",29.763507,-95.550892,1766,1468,314027,261689,290766,-7501,331034.0
77024,"354 TEALWOOD DR, HOUSTON, TX 77024",29.764577000000003,-95.548129,3426,9600,845432,756863,805173,1424,895600.0
77024,"718 HUNTERS GROVE LN, HOUSTON, TX 77024",29.773023,-95.495813,4129,22555,2554736,2113463,2322487,39977,2588927.0
77024,"12815 HANSEL LN, HOUSTON, TX 77024",29.770007,-95.561237,2203,9600,571255,467838,492461,-5527,495000.0
77024,"12319 OVERCUP DR, HOUSTON, TX 77024",29.77093,-95.545214,2699,10681,709309,616503,662906,-19618,693000.0
77024,"11702 BROKEN BOUGH CIR, HOUSTON, TX 77024",29.771767999999998,-95.529823,3818,24198,1278497,1054200,1121489,-20654,1050000.0
77024,"11006 HUNTWYCK DR, HOUSTON, TX 77024",29.76796,-95.507687,2599,22468,1186681,1023376,1088698,-21615,1170000.0
77024,"745 MARCHMONT DR, HOUSTON, TX 77024",29.776623999999998,-95.514748,9451,40012,6758409,5534904,5826215,45449,6249900.0
77024,"11941 S DURRETTE DR, HOUSTON, TX 77024",29.756878000000004,-95.536215,3827,20051,1277187,1086206,1193633,27318,1227086.0
77024,"11954 LONGLEAF LN, HOUSTON, TX 77024",29.754563,-95.535872,3659,17459,1184804,1061853,1117740,6498,1250000.0
77024,"618 HALLIE DR, HOUSTON, TX 77024",29.774438,-95.555561,2473,9291,905478,755950,830714,-271,1029406.0
77024,"89 HIBURY DR, HOUSTON, TX 77024",29.7569,-95.53747800000001,5381,18748,1559091,1369668,1457094,5643,1603900.0
77024,"5 GLENDENNING LN, HOUSTON, TX 77024",29.764597,-95.508802,6358,35240,2762053,2204575,2533994,10684,2700000.0
77024,"12415 HUNTINGWICK DR, HOUSTON, TX 77024",29.769205,-95.547612,2807,11252,779670,659176,708791,8658,700000.0
77024,"12810 BUTTERFLY LN, HOUSTON, TX 77024",29.771382,-95.55967,2069,9534,586590,530724,558657,-1228,597000.0
77024,"50 WILLIAMSBURG LN, HOUSTON, TX 77024",29.770175,-95.53142700000001,4476,27830,1416845,1214438,1349376,-10357,1311833.0
77024,"12406 BROKEN BOUGH DR, HOUSTON, TX 77024",29.772872999999997,-95.54763,3206,11282,876712,793216,834964,-373,965900.0
77024,"10810 LONG SHADOW LN, HOUSTON, TX 77024",29.770763,-95.501631,3913,10502,1027124,883135,959929,22637,859000.0
77024,"11505 QUAIL HOLLOW LN, HOUSTON, TX 77024",29.762461,-95.519676,9378,63519,3634125,3256999,3428420,3186,3698702.0
77024,"734 BUNKER HILL RD, HOUSTON, TX 77024",29.774614,-95.531444,2255,15000,1138193,953621,1025399,-180,1250000.0
77024,"58 PATTI LYNN LN, HOUSTON, TX 77024",29.751685,-95.534687,3765,15385,1266082,1145502,1205792,-1267,1274400.0
77024,"11345 HOLIDAN WAY, HOUSTON, TX 77024",29.775533000000003,-95.515928,4261,39639,1533503,1191203,1369199,1117,1478000.0
77024,"740 KUHLMAN RD, HOUSTON, TX 77024",29.774834999999996,-95.49253399999999,7542,43662,3308969,2814170,3092494,107545,2772360.0
77024,"12515 OVERCUP DR, HOUSTON, TX 77024",29.770919,-95.550546,3679,17158,1308453,1076868,1157923,-28458,1632251.0
77024,"342 TAMERLAINE DR, HOUSTON, TX 77024",29.763969,-95.546984,3105,13321,888561,803937,846249,-136,970000.0
77024,"139 HAVERSHAM DR, HOUSTON, TX 77024",29.75672,-95.543897,2754,12349,804040,727464,765752,-392,716689.0
77024,"326 CHAPEL BELLE LN, HOUSTON, TX 77024",29.761749,-95.532625,2209,19994,980356,858978,933672,-45125,1069797.0
77024,"12938 HANSEL LN, HOUSTON, TX 77024",29.770251000000002,-95.56539599999999,3762,8637,805628,677298,712945,-18686,582000.0
77024,"224 LITCHFIELD LN, HOUSTON, TX 77024",29.761512,-95.55198399999999,1405,958,218818,197978,208398,-10134,238587.0
77024,"11835 LONGLEAF LN, HOUSTON, TX 77024",29.755806,-95.53143,2064,13499,1022628,905756,973931,-28427,950196.0
77024,"11201 WILDING LN, HOUSTON, TX 77024",29.774663,-95.508898,10447,70293,3408842,2894300,3215889,2951,3471109.0
77024,"21 VALLEY FORGE DR, HOUSTON, TX 77024",29.764903999999998,-95.53111,4204,23387,1252506,1109363,1192863,-55998,1475000.0
77024,"25 FARNHAM PARK DR, HOUSTON, TX 77024",29.750357,-95.508299,10464,34500,3217060,2818758,3063867,101060,2919103.0
77024,"438 N POST OAK LN, HOUSTON, TX 77024",29.775526,-95.45760600000001,1728,,246671,205559,228399,-3285,204475.0
77024,"530 BOLTON PL, HOUSTON, TX 77024",29.776646999999997,-95.457121,2554,3302,523999,474095,499047,1437,485806.0
77024,"4 SLEEPY OAKS CIR, HOUSTON, TX 77024",29.776584999999997,-95.506178,5614,22223,2556094,2224749,2366754,-10480,2595114.0
77024,"322 SHASTA DR, HOUSTON, TX 77024",29.772296,-95.488726,7292,27198,3091648,2738317,2944427,95008,2580025.0
77024,"11902 HERITAGE LN, HOUSTON, TX 77024",29.769846,-95.533896,3330,38341,1808431,1507026,1586343,92337,1314000.0
77024,"11216 WILDING LN, HOUSTON, TX 77024",29.774890000000003,-95.512056,4941,50094,2086778,1777626,1932202,-33145,2270000.0
77024,"12223 OLD OAKS DR, HOUSTON, TX 77024",29.769401000000002,-95.542638,2363,10224,689797,624103,656950,-11777,725000.0
77024,"348 WESTMINSTER DR, HOUSTON, TX 77024",29.774434999999997,-95.482636,5120,15102,1368834,1189734,1279284,20522,1400000.0
77024,"12435 OVERCUP DR, HOUSTON, TX 77024",29.770827,-95.549599,3779,15963,1190098,1056629,1112241,-9936,1437190.0
77024,"159 LITCHFIELD LN, HOUSTON, TX 77024",29.763471000000003,-95.552389,1574,1050,298244,223035,259343,1663,338777.0
77024,"12029 NAUGHTON ST, HOUSTON, TX 77024",29.754461,-95.540193,2240,3049,413055,373717,393386,7622,353524.0
77024,"12115 COBBLESTONE DR, HOUSTON, TX 77024",29.770709999999998,-95.540692,2996,10080,925338,810772,881274,8483,900000.0
77024,"11629 GREEN OAKS ST, HOUSTON, TX 77024",29.756453999999998,-95.525164,5118,16152,1688847,1528005,1608426,20778,1746600.0
77024,"354 LITCHFIELD LN, HOUSTON, TX 77024",29.765181,-95.550472,1420,1180,269046,240860,256234,-6173,299187.0
77024,"12218 BROKEN ARROW ST, HOUSTON, TX 77024",29.772883,-95.542508,3096,8398,851198,741870,780916,-3472,759200.0
77024,"12527 MOSSYCUP DR, HOUSTON, TX 77024",29.768646999999998,-95.550842,6247,13155,1741750,1575870,1658810,-1697,1940155.0
77024,"234 TAMERLAINE DR, HOUSTON, TX 77024",29.760941,-95.545744,3415,10001,849746,729499,801647,11137,1013375.0
77024,"11752 TAYLORCREST RD, HOUSTON, TX 77024",29.773373,-95.529276,4643,15969,1285772,1131004,1190530,-18409,1191955.0
